File,Class
new_1_1.mat,0.893984705211675
new_1_2.mat,0.949965655984772
new_1_3.mat,0.809592679539898
new_1_4.mat,0.812459344013455
new_1_5.mat,0.971368819983964
new_1_6.mat,0.927320180207774
new_1_7.mat,0.647799945262127
new_1_8.mat,0.895380616285058
new_1_9.mat,0.976292715523651
new_1_10.mat,0.190230703236033
new_1_11.mat,0.932758895420558
new_1_12.mat,0.561164780637522
new_1_13.mat,0.653573896965122
new_1_14.mat,0.344601358419842
new_1_15.mat,0.928264044185323
new_1_16.mat,0.975484898855834
new_1_17.mat,0.519927294533883
new_1_18.mat,0.658487099185254
new_1_19.mat,0.968680498353310
new_1_20.mat,0.658454860805330
new_1_21.mat,0.540216986254069
new_1_22.mat,0.951976825670209
new_1_23.mat,0.216014942583421
new_1_24.mat,0.964114259175064
new_1_25.mat,0.281639879425987
new_1_26.mat,0.952959652193028
new_1_27.mat,0.968462722775057
new_1_28.mat,0.949864500854348
new_1_29.mat,0.954258904324188
new_1_30.mat,0.956095158734142
new_1_31.mat,0.954798960994403
new_1_32.mat,0.894337145917451
new_1_33.mat,0.560702782163266
new_1_34.mat,0.655035820219579
new_1_35.mat,0.972976969341981
new_1_36.mat,0.959785679734703
new_1_37.mat,0.974291053392540
new_1_38.mat,0.939591018873357
new_1_39.mat,0.584341047436002
new_1_40.mat,0.195907883649153
new_1_41.mat,0.702204525583747
new_1_42.mat,0.945758761317016
new_1_43.mat,0.327695732555755
new_1_44.mat,0.972661175927673
new_1_45.mat,0.529295676413956
new_1_46.mat,0.973865628362785
new_1_47.mat,0.969813398877952
new_1_48.mat,0.905137674306486
new_1_49.mat,0.726328551773797
new_1_50.mat,0.979702794569142
new_1_51.mat,0.069196757692069
new_1_52.mat,0.978657977710360
new_1_53.mat,0.150991135890208
new_1_54.mat,0.740686538224112
new_1_55.mat,0.930401879129650
new_1_56.mat,0.940326621524296
new_1_57.mat,0.535323499843451
new_1_58.mat,0.069853162255578
new_1_59.mat,0.757639759828273
new_1_60.mat,0.257581600990074
new_1_61.mat,0.887479612293560
new_1_62.mat,0.275550269750935
new_1_63.mat,0.909452601208481
new_1_64.mat,0.970791779636994
new_1_65.mat,0.947557193241622
new_1_66.mat,0.943744499395426
new_1_67.mat,0.884313027094166
new_1_68.mat,0.949565085260078
new_1_69.mat,0.862569684679093
new_1_70.mat,0.886883444184434
new_1_71.mat,0.932088378813649
new_1_72.mat,0.642574583386154
new_1_73.mat,0.974298700545997
new_1_74.mat,0.969670574697078
new_1_75.mat,0.890165254840216
new_1_76.mat,0.924715833196179
new_1_77.mat,0.537339216410536
new_1_78.mat,0.943771360873906
new_1_79.mat,0.968723869136405
new_1_80.mat,0.945682601246654
new_1_81.mat,0.589987092149690
new_1_82.mat,0.778614247892010
new_1_83.mat,0.943624762029344
new_1_84.mat,0.792331337256404
new_1_85.mat,0.599974578282839
new_1_86.mat,0.980209057673350
new_1_87.mat,0.302666012612968
new_1_88.mat,0.419993847196431
new_1_89.mat,0.856546508922348
new_1_90.mat,0.056124100840524
new_1_91.mat,0.947135943850505
new_1_92.mat,0.913867594322869
new_1_93.mat,0.976724853545404
new_1_94.mat,0.981312520931460
new_1_95.mat,0.915609330106199
new_1_96.mat,0.905973649478776
new_1_97.mat,0.621194697633345
new_1_98.mat,0.683774997615616
new_1_99.mat,0.216654600948820
new_1_100.mat,0.956283641407176
new_1_101.mat,0.922880748623244
new_1_102.mat,0.884157419352394
new_1_103.mat,0.716880111862430
new_1_104.mat,0.943034835421882
new_1_105.mat,0.969208913913350
new_1_106.mat,0.331235467491208
new_1_107.mat,0.912529905852483
new_1_108.mat,0.591537059844264
new_1_109.mat,0.974343701666540
new_1_110.mat,0.671370010339511
new_1_111.mat,0.938294636178328
new_1_112.mat,0.386495543710981
new_1_113.mat,0.933847250396356
new_1_114.mat,0.760192305193280
new_1_115.mat,0.931017353870777
new_1_116.mat,0.577017177686278
new_1_117.mat,0.958333651090653
new_1_118.mat,0.261359245063554
new_1_119.mat,0.968192961412862
new_1_120.mat,0.969109198233036
new_1_121.mat,0.891174200612108
new_1_122.mat,0.952760226001104
new_1_123.mat,0.949163804676572
new_1_124.mat,0.884792881562223
new_1_125.mat,0.956830379211113
new_1_126.mat,0.924460233292482
new_1_127.mat,0.973727313803904
new_1_128.mat,0.939008387567824
new_1_129.mat,0.976448498953899
new_1_130.mat,0.173044127527886
new_1_131.mat,0.924692916312114
new_1_132.mat,0.972864727379665
new_1_133.mat,0.923529892195496
new_1_134.mat,0.971235163715745
new_1_135.mat,0.842595260639849
new_1_136.mat,0.978482479051566
new_1_137.mat,0.937593754824738
new_1_138.mat,0.785766499080746
new_1_139.mat,0.970926375352268
new_1_140.mat,0.932105208094463
new_1_141.mat,0.617949727462155
new_1_142.mat,0.979873505614959
new_1_143.mat,0.939260141881670
new_1_144.mat,0.952089771559441
new_1_145.mat,0.968471087205455
new_1_146.mat,0.701792760177146
new_1_147.mat,0.639613104126318
new_1_148.mat,0.968636135370997
new_1_149.mat,0.820916829988591
new_1_150.mat,0.269527021854753
new_1_151.mat,0.969997262921616
new_1_152.mat,0.342039035502984
new_1_153.mat,0.186669593189449
new_1_154.mat,0.897865515305781
new_1_155.mat,0.866214811685823
new_1_156.mat,0.931280303282336
new_1_157.mat,0.540666135866888
new_1_158.mat,0.857492032337096
new_1_159.mat,0.973679187250227
new_1_160.mat,0.863534947932221
new_1_161.mat,0.938904752072593
new_1_162.mat,0.935454370580591
new_1_163.mat,0.968008541478163
new_1_164.mat,0.726526391523891
new_1_165.mat,0.375365305714736
new_1_166.mat,0.975557663279080
new_1_167.mat,0.652343711448007
new_1_168.mat,0.965893230350472
new_1_169.mat,0.773063809117762
new_1_170.mat,0.760206369557038
new_1_171.mat,0.256927539303666
new_1_172.mat,0.063880856875365
new_1_173.mat,0.967384218990665
new_1_174.mat,0.943487086483822
new_1_175.mat,0.947670878953946
new_1_176.mat,0.722183547648242
new_1_177.mat,0.663013406684737
new_1_178.mat,0.964660888519811
new_1_179.mat,0.870331772705636
new_1_180.mat,0.980744007543932
new_1_181.mat,0.918065104405282
new_1_182.mat,0.947586056998745
new_1_183.mat,0.366094060675080
new_1_184.mat,0.429053929634348
new_1_185.mat,0.943589874326277
new_1_186.mat,0.953421802802999
new_1_187.mat,0.947190684965597
new_1_188.mat,0.652322793641712
new_1_189.mat,0.865447207821271
new_1_190.mat,0.810948866284706
new_1_191.mat,0.779391475227576
new_1_192.mat,0.780439729912090
new_1_193.mat,0.970693260822564
new_1_194.mat,0.966387384209258
new_1_195.mat,0.939091393227714
new_1_196.mat,0.965104130949755
new_1_197.mat,0.922237629953379
new_1_198.mat,0.210530253654027
new_1_199.mat,0.967407540363451
new_1_200.mat,0.952468718381007
new_1_201.mat,0.981622174471265
new_1_202.mat,0.609142712907506
new_1_203.mat,0.914295797810228
new_1_204.mat,0.903896801697139
new_1_205.mat,0.625494941619170
new_1_206.mat,0.903699967225655
new_1_207.mat,0.678759077635577
new_1_208.mat,0.546909686112575
new_1_209.mat,0.644068603602306
new_1_210.mat,0.837079625214690
new_1_211.mat,0.759688186271076
new_1_212.mat,0.797890837212961
new_1_213.mat,0.924834179266056
new_1_214.mat,0.388793646045352
new_1_215.mat,0.919953967071225
new_1_216.mat,0.894464296027898
new_2_1.mat,0.439781624516115
new_2_2.mat,0.001734762229659
new_2_3.mat,0.634693347631463
new_2_4.mat,0.188740722239068
new_2_5.mat,0.012649796843015
new_2_6.mat,0.144875778869278
new_2_7.mat,0.413106047209670
new_2_8.mat,0.134607457034739
new_2_9.mat,0.037876723590685
new_2_10.mat,0.512197510873182
new_2_11.mat,0.007699097298049
new_2_12.mat,0.202300813795576
new_2_13.mat,0.128035117362334
new_2_14.mat,0.531691337601949
new_2_15.mat,0.536493358311949
new_2_16.mat,0.470337487509630
new_2_17.mat,0.096521936175450
new_2_18.mat,0.281459149649081
new_2_19.mat,0.064097640206663
new_2_20.mat,0.176789218427230
new_2_21.mat,0.407073533357082
new_2_22.mat,0.192478172181827
new_2_23.mat,0.213755250111575
new_2_24.mat,0.195797454182812
new_2_25.mat,0.001681256486291
new_2_26.mat,0.494763139058264
new_2_27.mat,0.568384489354725
new_2_28.mat,0.213028671340224
new_2_29.mat,0.318233282063956
new_2_30.mat,0.520642905606228
new_2_31.mat,0.412308452825572
new_2_32.mat,0.103586569809750
new_2_33.mat,0.160808354011303
new_2_34.mat,0.041793534941177
new_2_35.mat,0.701313853546665
new_2_36.mat,0.161729695168699
new_2_37.mat,0.221125693932902
new_2_38.mat,0.447589976079071
new_2_39.mat,0.130334343624553
new_2_40.mat,0.001800979038365
new_2_41.mat,0.247722422594349
new_2_42.mat,0.006076157522237
new_2_43.mat,0.126379608690842
new_2_44.mat,0.232666011429762
new_2_45.mat,0.081841004595185
new_2_46.mat,0.337976193066879
new_2_47.mat,0.636711665826294
new_2_48.mat,0.173191623227073
new_2_49.mat,0.247056713411451
new_2_50.mat,0.241872722815560
new_2_51.mat,0.561780809561548
new_2_52.mat,0.125193744568897
new_2_53.mat,0.149377923410461
new_2_54.mat,0.332080433538072
new_2_55.mat,0.488848430180334
new_2_56.mat,0.052695505130755
new_2_57.mat,0.004874365820138
new_2_58.mat,0.128976053734899
new_2_59.mat,0.381231854435982
new_2_60.mat,0.009354154160159
new_2_61.mat,0.368608940391964
new_2_62.mat,0.223611590119706
new_2_63.mat,0.282860892868634
new_2_64.mat,0.128338424721670
new_2_65.mat,0.058741622285225
new_2_66.mat,0.362224702856774
new_2_67.mat,0.097975493783442
new_2_68.mat,0.324099529810650
new_2_69.mat,0.161103072475209
new_2_70.mat,0.144689808344583
new_2_71.mat,0.143880857575210
new_2_72.mat,0.001638852661719
new_2_73.mat,0.397670303244060
new_2_74.mat,0.213223469850881
new_2_75.mat,0.535778642255946
new_2_76.mat,0.269441557847753
new_2_77.mat,0.896499141083142
new_2_78.mat,0.305906123692848
new_2_79.mat,0.289490211540182
new_2_80.mat,0.161650588854444
new_2_81.mat,0.001673156286158
new_2_82.mat,0.158143380000265
new_2_83.mat,0.145649331186892
new_2_84.mat,0.203393672575094
new_2_85.mat,0.294299480699476
new_2_86.mat,0.127671727973144
new_2_87.mat,0.247540214383555
new_2_88.mat,0.494839947973692
new_2_89.mat,0.275101000160531
new_2_90.mat,0.573789219673771
new_2_91.mat,0.077754884951051
new_2_92.mat,0.108074981472889
new_2_93.mat,0.123559537356323
new_2_94.mat,0.507753803246545
new_2_95.mat,0.029790246269580
new_2_96.mat,0.356881516635260
new_2_97.mat,0.106008667724479
new_2_98.mat,0.585424935706551
new_2_99.mat,0.400998004150596
new_2_100.mat,0.340805415034421
new_2_101.mat,0.277512904662531
new_2_102.mat,0.367070165453035
new_2_103.mat,0.068907560350798
new_2_104.mat,0.417639630938507
new_2_105.mat,0.291589004463219
new_2_106.mat,0.019248463130363
new_2_107.mat,0.001676293979506
new_2_108.mat,0.188333428944373
new_2_109.mat,0.192036890193719
new_2_110.mat,0.366660929817790
new_2_111.mat,0.178928302359746
new_2_112.mat,0.046395671957017
new_2_113.mat,0.351797967410232
new_2_114.mat,0.134715762637248
new_2_115.mat,0.097318231014703
new_2_116.mat,0.074505374842748
new_2_117.mat,0.155421757609822
new_2_118.mat,0.288275215715591
new_2_119.mat,0.176410694639734
new_2_120.mat,0.326297140114703
new_2_121.mat,0.073634715570377
new_2_122.mat,0.106737752210821
new_2_123.mat,0.154777222667290
new_2_124.mat,0.010324897844411
new_2_125.mat,0.141759132486927
new_2_126.mat,0.021896243901939
new_2_127.mat,0.009949110123982
new_2_128.mat,0.276041098940873
new_2_129.mat,0.150526552822692
new_2_130.mat,0.156900443371037
new_2_131.mat,0.297052091690758
new_2_132.mat,0.054608950894414
new_2_133.mat,0.349710181263116
new_2_134.mat,0.002378724559461
new_2_135.mat,0.245825778194632
new_2_136.mat,0.212386005659075
new_2_137.mat,0.337341283419357
new_2_138.mat,0.482119776375864
new_2_139.mat,0.225428875079396
new_2_140.mat,0.453168102103824
new_2_141.mat,0.004669781401938
new_2_142.mat,0.133268307161556
new_2_143.mat,0.247253427800937
new_2_144.mat,0.005518433932319
new_2_145.mat,0.553579827101071
new_2_146.mat,0.595189800819162
new_2_147.mat,0.002001941988411
new_2_148.mat,0.491719050964211
new_2_149.mat,0.641180184123843
new_2_150.mat,0.192577417775048
new_2_151.mat,0.355099764272303
new_2_152.mat,0.259871054690635
new_2_153.mat,0.065342050252400
new_2_154.mat,0.500184450066611
new_2_155.mat,0.045359904171703
new_2_156.mat,0.404652428013289
new_2_157.mat,0.286909715436111
new_2_158.mat,0.399076811392010
new_2_159.mat,0.305289249469938
new_2_160.mat,0.427549824611923
new_2_161.mat,0.589110112167924
new_2_162.mat,0.417791301894376
new_2_163.mat,0.012297013895500
new_2_164.mat,0.385666766073659
new_2_165.mat,0.149690173315331
new_2_166.mat,0.012669505463078
new_2_167.mat,0.536879308622933
new_2_168.mat,0.699724706918370
new_2_169.mat,0.059609683876717
new_2_170.mat,0.153737886069320
new_2_171.mat,0.543268559567919
new_2_172.mat,0.449332008882482
new_2_173.mat,0.289405691155102
new_2_174.mat,0.310841616671619
new_2_175.mat,0.719815183395777
new_2_176.mat,0.322956464700334
new_2_177.mat,0.106391829214625
new_2_178.mat,0.004045590397775
new_2_179.mat,0.238016296201330
new_2_180.mat,0.545203300329610
new_2_181.mat,0.485560027806693
new_2_182.mat,0.565950359178748
new_2_183.mat,0.095576245230406
new_2_184.mat,0.151793901168901
new_2_185.mat,0.628344835668375
new_2_186.mat,0.170901554556373
new_2_187.mat,0.026945431610901
new_2_188.mat,0.001867083900871
new_2_189.mat,0.211630460086427
new_2_190.mat,0.033958438346672
new_2_191.mat,0.453179954089756
new_2_192.mat,0.007460365764372
new_2_193.mat,0.454672809562229
new_2_194.mat,0.208072756535148
new_2_195.mat,0.005861546547375
new_2_196.mat,0.223613890901317
new_2_197.mat,0.633151520025059
new_2_198.mat,0.484691762528227
new_2_199.mat,0.273961627942011
new_2_200.mat,0.522311743837272
new_2_201.mat,0.423292106292938
new_2_202.mat,0.557373666613104
new_2_203.mat,0.250119887688299
new_2_204.mat,0.072092139804437
new_2_205.mat,0.826997379354568
new_2_206.mat,0.386895887005770
new_2_207.mat,0.326121253570832
new_2_208.mat,0.423105373753074
new_2_209.mat,0.320901949030006
new_2_210.mat,0.384117184274360
new_2_211.mat,0.722082879336240
new_2_212.mat,0.284849179517903
new_2_213.mat,0.161400053523625
new_2_214.mat,0.162950240501814
new_2_215.mat,0.411709352405052
new_2_216.mat,0.318700121426941
new_2_217.mat,0.367503463773284
new_2_218.mat,0.415625984046800
new_2_219.mat,0.100282936273420
new_2_220.mat,0.080586778840558
new_2_221.mat,0.012363746481840
new_2_222.mat,0.345135711034580
new_2_223.mat,0.223352472054717
new_2_224.mat,0.215797041011931
new_2_225.mat,0.315849783340531
new_2_226.mat,0.001590969967499
new_2_227.mat,0.054156195076947
new_2_228.mat,0.092012206807586
new_2_229.mat,0.107064320773485
new_2_230.mat,0.196580048194437
new_2_231.mat,0.507794072926953
new_2_232.mat,0.008440552914663
new_2_233.mat,0.132359273421944
new_2_234.mat,0.581165227425751
new_2_235.mat,0.573658898065217
new_2_236.mat,0.075678546842848
new_2_237.mat,0.008682520879968
new_2_238.mat,0.289228875784473
new_2_239.mat,0.259281731964398
new_2_240.mat,0.012375822899952
new_2_241.mat,0.001666413151213
new_2_242.mat,0.347477089023444
new_2_243.mat,0.160044353917666
new_2_244.mat,0.211364141884026
new_2_245.mat,0.302134278418526
new_2_246.mat,0.222342158214992
new_2_247.mat,0.227004087034286
new_2_248.mat,0.124926791147371
new_2_249.mat,0.107790707753960
new_2_250.mat,0.242798529442963
new_2_251.mat,0.496546753261607
new_2_252.mat,0.115426398535837
new_2_253.mat,0.142853836674694
new_2_254.mat,0.015236729763374
new_2_255.mat,0.243182402959706
new_2_256.mat,0.672992381378892
new_2_257.mat,0.280771563066584
new_2_258.mat,0.076557665182093
new_2_259.mat,0.084665374048603
new_2_260.mat,0.180038602276059
new_2_261.mat,0.080665374365145
new_2_262.mat,0.215272062247872
new_2_263.mat,0.167615544277278
new_2_264.mat,0.286524036807470
new_2_265.mat,0.493279862378445
new_2_266.mat,0.228174033819276
new_2_267.mat,0.402731089053696
new_2_268.mat,0.318083107159984
new_2_269.mat,0.237134236758657
new_2_270.mat,0.618343114896938
new_2_271.mat,0.451890190941984
new_2_272.mat,0.629184099665030
new_2_273.mat,0.086923158024253
new_2_274.mat,0.008641394537146
new_2_275.mat,0.003980180669514
new_2_276.mat,0.038411333896745
new_2_277.mat,0.228985703475356
new_2_278.mat,0.179863055991550
new_2_279.mat,0.437320852933572
new_2_280.mat,0.006480037243695
new_2_281.mat,0.014488914670046
new_2_282.mat,0.158365818441703
new_2_283.mat,0.465868961266012
new_2_284.mat,0.068935448558300
new_2_285.mat,0.095074041755081
new_2_286.mat,0.655839343205927
new_2_287.mat,0.003968625442479
new_2_288.mat,0.001790449340969
new_2_289.mat,0.546280282685010
new_2_290.mat,0.141764704924121
new_2_291.mat,0.524380038895516
new_2_292.mat,0.006114136065445
new_2_293.mat,0.324765338680694
new_2_294.mat,0.298718778930903
new_2_295.mat,0.147186411930129
new_2_296.mat,0.257096673265895
new_2_297.mat,0.280688543739474
new_2_298.mat,0.220983397164315
new_2_299.mat,0.209477229242924
new_2_300.mat,0.301591064401212
new_2_301.mat,0.625294508417800
new_2_302.mat,0.102565771109239
new_2_303.mat,0.325506673625908
new_2_304.mat,0.133368080226202
new_2_305.mat,0.347647539234757
new_2_306.mat,0.311773629294502
new_2_307.mat,0.378598738740701
new_2_308.mat,0.469569188702742
new_2_309.mat,0.339588096664343
new_2_310.mat,0.472424617784811
new_2_311.mat,0.172913466398647
new_2_312.mat,0.194218341753513
new_2_313.mat,0.467514614402777
new_2_314.mat,0.255061613050917
new_2_315.mat,0.304675447119762
new_2_316.mat,0.403134635943052
new_2_317.mat,0.011751543412919
new_2_318.mat,0.222076124602372
new_2_319.mat,0.641849138639650
new_2_320.mat,0.449040223985783
new_2_321.mat,0.467201728793737
new_2_322.mat,0.001882052114863
new_2_323.mat,0.464007110529758
new_2_324.mat,0.002986125564679
new_2_325.mat,0.289833032615090
new_2_326.mat,0.636362232006959
new_2_327.mat,0.512747139727799
new_2_328.mat,0.162059615403671
new_2_329.mat,0.001691491905021
new_2_330.mat,0.650728370650609
new_2_331.mat,0.379672587865669
new_2_332.mat,0.042256409990824
new_2_333.mat,0.494931396831850
new_2_334.mat,0.336174046183268
new_2_335.mat,0.002387929528342
new_2_336.mat,0.005319999917928
new_2_337.mat,0.173708555576095
new_2_338.mat,0.168712301911676
new_2_339.mat,0.081202937305181
new_2_340.mat,0.109706877934770
new_2_341.mat,0.076276707280008
new_2_342.mat,0.600672313878545
new_2_343.mat,0.016509345457877
new_2_344.mat,0.002339155143774
new_2_345.mat,0.215039610463224
new_2_346.mat,0.819621305491983
new_2_347.mat,0.012206809257407
new_2_348.mat,0.288404954452554
new_2_349.mat,0.047719426991336
new_2_350.mat,0.031394041310826
new_2_351.mat,0.245669695255524
new_2_352.mat,0.230917955995288
new_2_353.mat,0.197190093541859
new_2_354.mat,0.253738177545503
new_2_355.mat,0.029081754300279
new_2_356.mat,0.190483551656964
new_2_357.mat,0.005643129947929
new_2_358.mat,0.428994330982088
new_2_359.mat,0.121353097453078
new_2_360.mat,0.474661067722220
new_2_361.mat,0.534011507301169
new_2_362.mat,0.083677955962286
new_2_363.mat,0.120560084195081
new_2_364.mat,0.378890565370120
new_2_365.mat,0.128787442791355
new_2_366.mat,0.472692389662186
new_2_367.mat,0.111576174659243
new_2_368.mat,0.010224336743854
new_2_369.mat,0.185898914237191
new_2_370.mat,0.179788905637350
new_2_371.mat,0.166677725263344
new_2_372.mat,0.082228072230570
new_2_373.mat,0.165119539230896
new_2_374.mat,0.526552450677255
new_2_375.mat,0.223696960063807
new_2_376.mat,0.118797833342303
new_2_377.mat,0.280232983638028
new_2_378.mat,0.008334795184513
new_2_379.mat,0.589759275516817
new_2_380.mat,0.639175739823919
new_2_381.mat,0.199321181670402
new_2_382.mat,0.223554339556364
new_2_383.mat,0.032156664360176
new_2_384.mat,0.315507326598439
new_2_385.mat,0.401593585071909
new_2_386.mat,0.086901942906500
new_2_387.mat,0.144104339010310
new_2_388.mat,0.574801047840747
new_2_389.mat,0.331247745100338
new_2_390.mat,0.400762018439838
new_2_391.mat,0.284381414241873
new_2_392.mat,0.002110983449929
new_2_393.mat,0.424100970586605
new_2_394.mat,0.502620356520014
new_2_395.mat,0.001808673344816
new_2_396.mat,0.131609483589840
new_2_397.mat,0.335236700692461
new_2_398.mat,0.029700796412101
new_2_399.mat,0.035092324231620
new_2_400.mat,0.001736641473411
new_2_401.mat,0.001698947149675
new_2_402.mat,0.191119443227355
new_2_403.mat,0.174445036524736
new_2_404.mat,0.164209333605905
new_2_405.mat,0.182729290972036
new_2_406.mat,0.069188568854196
new_2_407.mat,0.565663977657468
new_2_408.mat,0.001642324861579
new_2_409.mat,0.359765773558294
new_2_410.mat,0.003038817287806
new_2_411.mat,0.621713248465484
new_2_412.mat,0.481603297880866
new_2_413.mat,0.205781889222274
new_2_414.mat,0.128504600787201
new_2_415.mat,0.539466595292879
new_2_416.mat,0.160094675400791
new_2_417.mat,0.715417348335304
new_2_418.mat,0.327851047766334
new_2_419.mat,0.579880541295190
new_2_420.mat,0.506793114057793
new_2_421.mat,0.369055070293591
new_2_422.mat,0.089675806581231
new_2_423.mat,0.436545240550167
new_2_424.mat,0.154677669954854
new_2_425.mat,0.218700747713250
new_2_426.mat,0.289933456662253
new_2_427.mat,0.204693647787708
new_2_428.mat,0.001785537339828
new_2_429.mat,0.152949627057907
new_2_430.mat,0.140348490500315
new_2_431.mat,0.128980366434292
new_2_432.mat,0.538280151884137
new_2_433.mat,0.456085397787483
new_2_434.mat,0.437111406512542
new_2_435.mat,0.105489963116480
new_2_436.mat,0.201583697177426
new_2_437.mat,0.166389378771521
new_2_438.mat,0.127841744010363
new_2_439.mat,0.355813334965117
new_2_440.mat,0.183872125894370
new_2_441.mat,0.055841497764280
new_2_442.mat,0.017999812624873
new_2_443.mat,0.301543333974607
new_2_444.mat,0.458178757953309
new_2_445.mat,0.130793872602957
new_2_446.mat,0.276283775616452
new_2_447.mat,0.154827701006234
new_2_448.mat,0.119355164696672
new_2_449.mat,0.355873711308874
new_2_450.mat,0.307525877902071
new_2_451.mat,0.001746977940874
new_2_452.mat,0.397723017874209
new_2_453.mat,0.385849559096279
new_2_454.mat,0.060079079952262
new_2_455.mat,0.166465409743417
new_2_456.mat,0.002430415534553
new_2_457.mat,0.197348136102175
new_2_458.mat,0.002040826871713
new_2_459.mat,0.005377981493527
new_2_460.mat,0.085346641730392
new_2_461.mat,0.110006175429779
new_2_462.mat,0.696054562445539
new_2_463.mat,0.326879679344580
new_2_464.mat,0.393509492699722
new_2_465.mat,0.053789712998661
new_2_466.mat,0.201818487620721
new_2_467.mat,0.248692886566276
new_2_468.mat,0.413373586203123
new_2_469.mat,0.339238795224706
new_2_470.mat,0.415073018936879
new_2_471.mat,0.332658407052787
new_2_472.mat,0.683429373814878
new_2_473.mat,0.125731889037174
new_2_474.mat,0.182006154491740
new_2_475.mat,0.006400452573626
new_2_476.mat,0.001711780262047
new_2_477.mat,0.239476543496160
new_2_478.mat,0.122296031827790
new_2_479.mat,0.705111378502942
new_2_480.mat,0.283517162453836
new_2_481.mat,0.152103998708111
new_2_482.mat,0.109842546861858
new_2_483.mat,0.317455002831101
new_2_484.mat,0.004623782337870
new_2_485.mat,0.076392043665458
new_2_486.mat,0.472589545357984
new_2_487.mat,0.084221775685345
new_2_488.mat,0.476801122140044
new_2_489.mat,0.013257732603358
new_2_490.mat,0.186137099091312
new_2_491.mat,0.199886275997810
new_2_492.mat,0.001756809044614
new_2_493.mat,0.381946571410052
new_2_494.mat,0.134264088137386
new_2_495.mat,0.591012835205055
new_2_496.mat,0.234354407491631
new_2_497.mat,0.458768883420607
new_2_498.mat,0.435791748845083
new_2_499.mat,0.473946111565562
new_2_500.mat,0.078385276666468
new_2_501.mat,0.032916394815506
new_2_502.mat,0.620200273990495
new_2_503.mat,0.362178952550890
new_2_504.mat,0.261410511754296
new_2_505.mat,0.449057808909329
new_2_506.mat,0.220934462567353
new_2_507.mat,0.334671441437515
new_2_508.mat,0.012890973783520
new_2_509.mat,0.223411454331857
new_2_510.mat,0.299410422938812
new_2_511.mat,0.142875056941931
new_2_512.mat,0.107160198130187
new_2_513.mat,0.198925333082610
new_2_514.mat,0.626859460904883
new_2_515.mat,0.011010099891429
new_2_516.mat,0.028132250475423
new_2_517.mat,0.322188927206271
new_2_518.mat,0.100240680828484
new_2_519.mat,0.721128751399144
new_2_520.mat,0.117888108600497
new_2_521.mat,0.075674390813777
new_2_522.mat,0.090252487148386
new_2_523.mat,0.006181138785685
new_2_524.mat,0.226590193223614
new_2_525.mat,0.334246726194550
new_2_526.mat,0.752569012085430
new_2_527.mat,0.211019130596441
new_2_528.mat,0.145345604331127
new_2_529.mat,0.279078527048106
new_2_530.mat,0.251057427171308
new_2_531.mat,0.155252158280141
new_2_532.mat,0.433666501172238
new_2_533.mat,0.563713950260358
new_2_534.mat,0.251765419596228
new_2_535.mat,0.063366269439974
new_2_536.mat,0.227944954761532
new_2_537.mat,0.013319112448502
new_2_538.mat,0.520405207491762
new_2_539.mat,0.165566066554244
new_2_540.mat,0.158902884928608
new_2_541.mat,0.200851282389349
new_2_542.mat,0.011946345289098
new_2_543.mat,0.559284679790821
new_2_544.mat,0.601278468711589
new_2_545.mat,0.137750185637799
new_2_546.mat,0.245470452859017
new_2_547.mat,0.756975476544442
new_2_548.mat,0.366830838227939
new_2_549.mat,0.341199036722019
new_2_550.mat,0.458515122070933
new_2_551.mat,0.487678034946148
new_2_552.mat,0.118316116386487
new_2_553.mat,0.263870374661553
new_2_554.mat,0.299744590026696
new_2_555.mat,0.003109960865539
new_2_556.mat,0.505257022718175
new_2_557.mat,0.225594355718342
new_2_558.mat,0.585275710982417
new_2_559.mat,0.177628251737741
new_2_560.mat,0.151490165736109
new_2_561.mat,0.342934089260840
new_2_562.mat,0.440984487274683
new_2_563.mat,0.197190862628517
new_2_564.mat,0.004244292189125
new_2_565.mat,0.349216393809555
new_2_566.mat,0.141066672870988
new_2_567.mat,0.169276792943764
new_2_568.mat,0.389429042313366
new_2_569.mat,0.079369914253866
new_2_570.mat,0.267470662857700
new_2_571.mat,0.014212055625588
new_2_572.mat,0.315859170888034
new_2_573.mat,0.125376523056692
new_2_574.mat,0.414774505566015
new_2_575.mat,0.291027638524969
new_2_576.mat,0.472464243518894
new_2_577.mat,0.066914458362949
new_2_578.mat,0.206822190762888
new_2_579.mat,0.206927641834518
new_2_580.mat,0.170073970874539
new_2_581.mat,0.208938404338413
new_2_582.mat,0.002263983112623
new_2_583.mat,0.002191093443411
new_2_584.mat,0.221648717607903
new_2_585.mat,0.235915178222823
new_2_586.mat,0.041165462837779
new_2_587.mat,0.002336289150947
new_2_588.mat,0.234685285693814
new_2_589.mat,0.007328988256923
new_2_590.mat,0.373607055330384
new_2_591.mat,0.100193155523408
new_2_592.mat,0.259228164814034
new_2_593.mat,0.182770778285736
new_2_594.mat,0.716894972586778
new_2_595.mat,0.002618519088768
new_2_596.mat,0.059500553524378
new_2_597.mat,0.119608223763299
new_2_598.mat,0.190678640904987
new_2_599.mat,0.107586086824029
new_2_600.mat,0.159288690008066
new_2_601.mat,0.376527642117954
new_2_602.mat,0.004818632761808
new_2_603.mat,0.505124965419098
new_2_604.mat,0.454641120737569
new_2_605.mat,0.084726294984021
new_2_606.mat,0.002391117932456
new_2_607.mat,0.014321166018113
new_2_608.mat,0.261965203173530
new_2_609.mat,0.117369329765046
new_2_610.mat,0.001640150579068
new_2_611.mat,0.078242648031581
new_2_612.mat,0.346842092243163
new_2_613.mat,0.381742180062027
new_2_614.mat,0.375103428441948
new_2_615.mat,0.123234398873742
new_2_616.mat,0.212310079519402
new_2_617.mat,0.004332452324499
new_2_618.mat,0.167493266567266
new_2_619.mat,0.006395801282090
new_2_620.mat,0.330906114333474
new_2_621.mat,0.343535102169266
new_2_622.mat,0.125287028709210
new_2_623.mat,0.144981681459552
new_2_624.mat,0.233985614204422
new_2_625.mat,0.001695365868670
new_2_626.mat,0.207511066534062
new_2_627.mat,0.260142999830208
new_2_628.mat,0.009610195584465
new_2_629.mat,0.246013303627017
new_2_630.mat,0.272982396900948
new_2_631.mat,0.072463423775523
new_2_632.mat,0.022121971742447
new_2_633.mat,0.110585608661079
new_2_634.mat,0.088936058592650
new_2_635.mat,0.084666348491962
new_2_636.mat,0.172752190763870
new_2_637.mat,0.374248303959081
new_2_638.mat,0.261207445754823
new_2_639.mat,0.251337519092245
new_2_640.mat,0.133941132073254
new_2_641.mat,0.505277978999999
new_2_642.mat,0.242909574965360
new_2_643.mat,0.259493746783397
new_2_644.mat,0.608416976491805
new_2_645.mat,0.606302032814402
new_2_646.mat,0.223296385580448
new_2_647.mat,0.591880983229754
new_2_648.mat,0.414949403840395
new_2_649.mat,0.516941683067487
new_2_650.mat,0.340398513415155
new_2_651.mat,0.755974732646341
new_2_652.mat,0.008601058156201
new_2_653.mat,0.099654517989583
new_2_654.mat,0.215078832920755
new_2_655.mat,0.095803060827430
new_2_656.mat,0.009462279558053
new_2_657.mat,0.011006178365419
new_2_658.mat,0.037374475855014
new_2_659.mat,0.177376228229643
new_2_660.mat,0.416444222491513
new_2_661.mat,0.055843555149763
new_2_662.mat,0.403167200469986
new_2_663.mat,0.318678929216287
new_2_664.mat,0.002852266398977
new_2_665.mat,0.547049368942069
new_2_666.mat,0.089135251121573
new_2_667.mat,0.293541090382558
new_2_668.mat,0.004326687057807
new_2_669.mat,0.129022814015913
new_2_670.mat,0.087641805142422
new_2_671.mat,0.359072132439008
new_2_672.mat,0.322900684646372
new_2_673.mat,0.609885212344326
new_2_674.mat,0.544675617761175
new_2_675.mat,0.423124944200888
new_2_676.mat,0.310880634477576
new_2_677.mat,0.124698666057984
new_2_678.mat,0.503432325854495
new_2_679.mat,0.002743791411649
new_2_680.mat,0.371174525903053
new_2_681.mat,0.313495361811640
new_2_682.mat,0.112532085016446
new_2_683.mat,0.344586977372406
new_2_684.mat,0.543457269132181
new_2_685.mat,0.057512668686177
new_2_686.mat,0.048698504392524
new_2_687.mat,0.531560629822072
new_2_688.mat,0.098445283573457
new_2_689.mat,0.083936684487718
new_2_690.mat,0.402316118448007
new_2_691.mat,0.199678354770212
new_2_692.mat,0.578036530523044
new_2_693.mat,0.021777723853169
new_2_694.mat,0.704261747986453
new_2_695.mat,0.313571862926586
new_2_696.mat,0.614064726923122
new_2_697.mat,0.302002672727865
new_2_698.mat,0.423630512386079
new_2_699.mat,0.350891986362319
new_2_700.mat,0.149977661537571
new_2_701.mat,0.064007101385208
new_2_702.mat,0.508247623668806
new_2_703.mat,0.050894199246270
new_2_704.mat,0.242480145605355
new_2_705.mat,0.473030419061356
new_2_706.mat,0.197724485133724
new_2_707.mat,0.110270210181790
new_2_708.mat,0.275410928224760
new_2_709.mat,0.262599015665362
new_2_710.mat,0.252330761766171
new_2_711.mat,0.361816100529621
new_2_712.mat,0.308613123204328
new_2_713.mat,0.001678112163545
new_2_714.mat,0.260273760443019
new_2_715.mat,0.260810727912444
new_2_716.mat,0.002726945088826
new_2_717.mat,0.002314173912841
new_2_718.mat,0.128241816794745
new_2_719.mat,0.040196617273840
new_2_720.mat,0.176733072379669
new_2_721.mat,0.533280016169715
new_2_722.mat,0.400455902956412
new_2_723.mat,0.157326430352170
new_2_724.mat,0.001674145176974
new_2_725.mat,0.496814088401131
new_2_726.mat,0.224611627584416
new_2_727.mat,0.515417921819571
new_2_728.mat,0.330597365839831
new_2_729.mat,0.346773860838098
new_2_730.mat,0.768816056961271
new_2_731.mat,0.370012585732867
new_2_732.mat,0.477472656732296
new_2_733.mat,0.168161035655299
new_2_734.mat,0.001692973616897
new_2_735.mat,0.401135157953658
new_2_736.mat,0.512373410665835
new_2_737.mat,0.334473193050379
new_2_738.mat,0.256713692682616
new_2_739.mat,0.370881810317702
new_2_740.mat,0.504652482817093
new_2_741.mat,0.181808622824976
new_2_742.mat,0.014884599553152
new_2_743.mat,0.067382590327302
new_2_744.mat,0.201633299660904
new_2_745.mat,0.076634217332730
new_2_746.mat,0.755546540812527
new_2_747.mat,0.027510527617810
new_2_748.mat,0.484343009245623
new_2_749.mat,0.065562674863330
new_2_750.mat,0.002337748495458
new_2_751.mat,0.002548925450525
new_2_752.mat,0.008092711612382
new_2_753.mat,0.091435190931613
new_2_754.mat,0.114499882707469
new_2_755.mat,0.073688868875611
new_2_756.mat,0.083240234438072
new_2_757.mat,0.009403085880185
new_2_758.mat,0.474641265537326
new_2_759.mat,0.013212088723968
new_2_760.mat,0.279667189217324
new_2_761.mat,0.104650401634608
new_2_762.mat,0.321358943411559
new_2_763.mat,0.236605781118621
new_2_764.mat,0.043670164621413
new_2_765.mat,0.706701444263504
new_2_766.mat,0.034929047170718
new_2_767.mat,0.451193308941172
new_2_768.mat,0.205498760600661
new_2_769.mat,0.312274890884281
new_2_770.mat,0.146420119799726
new_2_771.mat,0.133545296836094
new_2_772.mat,0.141468566837409
new_2_773.mat,0.560711808573725
new_2_774.mat,0.206364177083575
new_2_775.mat,0.366224518611989
new_2_776.mat,0.084324108438851
new_2_777.mat,0.638691149106680
new_2_778.mat,0.091741505859258
new_2_779.mat,0.209490273839701
new_2_780.mat,0.207692607675356
new_2_781.mat,0.179397987117178
new_2_782.mat,0.211984786450447
new_2_783.mat,0.458981906239104
new_2_784.mat,0.274112783874299
new_2_785.mat,0.193936443241634
new_2_786.mat,0.647167765710428
new_2_787.mat,0.061424565784342
new_2_788.mat,0.602888893536158
new_2_789.mat,0.164409730486419
new_2_790.mat,0.558248280742167
new_2_791.mat,0.347187995722422
new_2_792.mat,0.757167977496844
new_2_793.mat,0.074462495692382
new_2_794.mat,0.412581437830550
new_2_795.mat,0.712994615406273
new_2_796.mat,0.396553704424698
new_2_797.mat,0.018329677580899
new_2_798.mat,0.774375321453286
new_2_799.mat,0.067278875717423
new_2_800.mat,0.288431261381076
new_2_801.mat,0.200419629837910
new_2_802.mat,0.537105612099992
new_2_803.mat,0.002471235814128
new_2_804.mat,0.097624567585956
new_2_805.mat,0.291358088867955
new_2_806.mat,0.238080718298704
new_2_807.mat,0.559380979982747
new_2_808.mat,0.172120393393516
new_2_809.mat,0.002869900548576
new_2_810.mat,0.006574838468822
new_2_811.mat,0.194016527025979
new_2_812.mat,0.148305606323090
new_2_813.mat,0.229719154941486
new_2_814.mat,0.124490055091826
new_2_815.mat,0.327540620068761
new_2_816.mat,0.003443727738126
new_2_817.mat,0.115042622049857
new_2_818.mat,0.187801172565080
new_2_819.mat,0.195347215723907
new_2_820.mat,0.084749058683109
new_2_821.mat,0.005554357588639
new_2_822.mat,0.490065245998592
new_2_823.mat,0.049674915933878
new_2_824.mat,0.372220993321496
new_2_825.mat,0.012070919761382
new_2_826.mat,0.083111401571598
new_2_827.mat,0.783427665222809
new_2_828.mat,0.012041224951344
new_2_829.mat,0.400679108048020
new_2_830.mat,0.045189446373835
new_2_831.mat,0.255169228441155
new_2_832.mat,0.423631225496285
new_2_833.mat,0.184449374822557
new_2_834.mat,0.669863234333884
new_2_835.mat,0.317806281835351
new_2_836.mat,0.204659648844480
new_2_837.mat,0.333957056973489
new_2_838.mat,0.112867636965128
new_2_839.mat,0.337342520517143
new_2_840.mat,0.013749645021648
new_2_841.mat,0.164981188048081
new_2_842.mat,0.041190963959766
new_2_843.mat,0.187286805452362
new_2_844.mat,0.173660728124035
new_2_845.mat,0.302398462888936
new_2_846.mat,0.233080296662782
new_2_847.mat,0.440928509380722
new_2_848.mat,0.001598188131301
new_2_849.mat,0.392684911822480
new_2_850.mat,0.138866628334623
new_2_851.mat,0.001767725322049
new_2_852.mat,0.002036380807907
new_2_853.mat,0.192667191578132
new_2_854.mat,0.403250784941393
new_2_855.mat,0.085489032634282
new_2_856.mat,0.001858631089861
new_2_857.mat,0.001723496468762
new_2_858.mat,0.313422258351897
new_2_859.mat,0.002031183381908
new_2_860.mat,0.030580836232274
new_2_861.mat,0.004458442509339
new_2_862.mat,0.325136409577936
new_2_863.mat,0.258346289489619
new_2_864.mat,0.444971548030106
new_2_865.mat,0.215497932316476
new_2_866.mat,0.176796200720564
new_2_867.mat,0.377031542789294
new_2_868.mat,0.178891689856490
new_2_869.mat,0.396180276739827
new_2_870.mat,0.683194919218640
new_2_871.mat,0.325806376914944
new_2_872.mat,0.644167799830263
new_2_873.mat,0.001682843514406
new_2_874.mat,0.303737421466267
new_2_875.mat,0.286419653839199
new_2_876.mat,0.144048354601571
new_2_877.mat,0.087196673205058
new_2_878.mat,0.278546125239006
new_2_879.mat,0.192777680796425
new_2_880.mat,0.198654325984455
new_2_881.mat,0.009226972166606
new_2_882.mat,0.132264617713527
new_2_883.mat,0.306188339376476
new_2_884.mat,0.410486789218610
new_2_885.mat,0.486502510870795
new_2_886.mat,0.330006688222588
new_2_887.mat,0.376228728154278
new_2_888.mat,0.185551401490037
new_2_889.mat,0.354995596453102
new_2_890.mat,0.001688448167783
new_2_891.mat,0.156187307716287
new_2_892.mat,0.161726399200444
new_2_893.mat,0.188475859878663
new_2_894.mat,0.290615241506502
new_2_895.mat,0.454986429411725
new_2_896.mat,0.319596295762737
new_2_897.mat,0.103336865924823
new_2_898.mat,0.007736938410279
new_2_899.mat,0.223523433749518
new_2_900.mat,0.154604017253886
new_2_901.mat,0.310039752867383
new_2_902.mat,0.625974650845231
new_2_903.mat,0.382193718479910
new_2_904.mat,0.312318070003722
new_2_905.mat,0.006266674955518
new_2_906.mat,0.138381659424491
new_2_907.mat,0.118303889654727
new_2_908.mat,0.305503887337904
new_2_909.mat,0.001591288058979
new_2_910.mat,0.103575847299340
new_2_911.mat,0.542076804385231
new_2_912.mat,0.187403113257781
new_2_913.mat,0.526188602140155
new_2_914.mat,0.191491611036505
new_2_915.mat,0.070205483222256
new_2_916.mat,0.588605861635459
new_2_917.mat,0.428375723874773
new_2_918.mat,0.505515726899591
new_2_919.mat,0.470223997051380
new_2_920.mat,0.107915006520314
new_2_921.mat,0.473867813258765
new_2_922.mat,0.583361317737461
new_2_923.mat,0.414496463078812
new_2_924.mat,0.470041912524692
new_2_925.mat,0.339978858718305
new_2_926.mat,0.147198864164566
new_2_927.mat,0.196335340045864
new_2_928.mat,0.108866545853073
new_2_929.mat,0.264624984095081
new_2_930.mat,0.177628277659502
new_2_931.mat,0.116785199255190
new_2_932.mat,0.007717805439136
new_2_933.mat,0.594076911742179
new_2_934.mat,0.416018741950637
new_2_935.mat,0.217596895277416
new_2_936.mat,0.017038371698595
new_2_937.mat,0.071356843533125
new_2_938.mat,0.011834878791377
new_2_939.mat,0.619085806607381
new_2_940.mat,0.155190748092388
new_2_941.mat,0.376100352336007
new_2_942.mat,0.363539162648524
new_2_943.mat,0.173264426936537
new_2_944.mat,0.092426479856818
new_2_945.mat,0.027392835820900
new_2_946.mat,0.266124532653435
new_2_947.mat,0.001983365064196
new_2_948.mat,0.402980320087010
new_2_949.mat,0.116619708252040
new_2_950.mat,0.343022020253230
new_2_951.mat,0.364255800349337
new_2_952.mat,0.079697428342498
new_2_953.mat,0.514994513797565
new_2_954.mat,0.425311007508561
new_2_955.mat,0.231072974913186
new_2_956.mat,0.046356532102832
new_2_957.mat,0.115256749480739
new_2_958.mat,0.383641373013945
new_2_959.mat,0.001686650952039
new_2_960.mat,0.367748707188187
new_2_961.mat,0.494894173312762
new_2_962.mat,0.021350954993056
new_2_963.mat,0.193557302259394
new_2_964.mat,0.561960989162880
new_2_965.mat,0.293020468753587
new_2_966.mat,0.260492972117557
new_2_967.mat,0.069675115916081
new_2_968.mat,0.264011160327259
new_2_969.mat,0.065058283941338
new_2_970.mat,0.130552864949402
new_2_971.mat,0.446257224546577
new_2_972.mat,0.079552573736268
new_2_973.mat,0.399567758706065
new_2_974.mat,0.009431108760605
new_2_975.mat,0.288429868184882
new_2_976.mat,0.244090377428637
new_2_977.mat,0.481454391556621
new_2_978.mat,0.352038290368116
new_2_979.mat,0.444501212904343
new_2_980.mat,0.192214679551906
new_2_981.mat,0.522340174349793
new_2_982.mat,0.115222383029464
new_2_983.mat,0.098423398649408
new_2_984.mat,0.016993218184493
new_2_985.mat,0.154103635037414
new_2_986.mat,0.049864257754611
new_2_987.mat,0.485319726628208
new_2_988.mat,0.002367464057425
new_2_989.mat,0.450112916811134
new_2_990.mat,0.325042399699154
new_2_991.mat,0.095676012478901
new_2_992.mat,0.265279019024208
new_2_993.mat,0.264881695124805
new_2_994.mat,0.299314213173463
new_2_995.mat,0.294312637475697
new_2_996.mat,0.001721496305182
new_2_997.mat,0.073695838476960
new_2_998.mat,0.098786848705484
new_2_999.mat,0.129026845003513
new_2_1000.mat,0.320338662801707
new_2_1001.mat,0.331943950799533
new_2_1002.mat,0.264948380304257
new_3_1.mat,0.532122024817639
new_3_2.mat,0.217832528832236
new_3_3.mat,0.085416180039609
new_3_4.mat,0.062977830226723
new_3_5.mat,0.178021623630115
new_3_6.mat,0.142996942057823
new_3_7.mat,0.186993347619715
new_3_8.mat,0.309634164450974
new_3_9.mat,0.200844059687398
new_3_10.mat,0.131244747346726
new_3_11.mat,0.003176804386825
new_3_12.mat,0.259409612965340
new_3_13.mat,0.263792323670727
new_3_14.mat,0.133255250941195
new_3_15.mat,0.268037705230868
new_3_16.mat,0.003444053869814
new_3_17.mat,0.675110848321795
new_3_18.mat,0.511204497205587
new_3_19.mat,0.375174334487564
new_3_20.mat,0.541684963989126
new_3_21.mat,0.111540879782068
new_3_22.mat,0.003550982641803
new_3_23.mat,0.422877090451509
new_3_24.mat,0.203034382135304
new_3_25.mat,0.775697760130712
new_3_26.mat,0.155588127165597
new_3_27.mat,0.775990642794362
new_3_28.mat,0.092753155704261
new_3_29.mat,0.191857870922261
new_3_30.mat,0.225148112609967
new_3_31.mat,0.285543892092754
new_3_32.mat,0.161525392371934
new_3_33.mat,0.104228336140569
new_3_34.mat,0.087438968012174
new_3_35.mat,0.336917063208646
new_3_36.mat,0.330624231184270
new_3_37.mat,0.487370667348209
new_3_38.mat,0.150237737683005
new_3_39.mat,0.287764941863828
new_3_40.mat,0.209138049224921
new_3_41.mat,0.379470818491798
new_3_42.mat,0.135673619712058
new_3_43.mat,0.273455970229353
new_3_44.mat,0.158011916927248
new_3_45.mat,0.256488068645321
new_3_46.mat,0.307200696404918
new_3_47.mat,0.080862373667132
new_3_48.mat,0.135608307535249
new_3_49.mat,0.260423118929047
new_3_50.mat,0.160214439504824
new_3_51.mat,0.098503528426814
new_3_52.mat,0.144646119369111
new_3_53.mat,0.306907333281452
new_3_54.mat,0.274461436587447
new_3_55.mat,0.029238227092964
new_3_56.mat,0.523685031388366
new_3_57.mat,0.249623987085492
new_3_58.mat,0.276367666702195
new_3_59.mat,0.295314106020437
new_3_60.mat,0.072490910599487
new_3_61.mat,0.003862898190058
new_3_62.mat,0.485642215126803
new_3_63.mat,0.201907770636432
new_3_64.mat,0.227978259204722
new_3_65.mat,0.430933097431029
new_3_66.mat,0.059993501489680
new_3_67.mat,0.045700475059943
new_3_68.mat,0.241302956697285
new_3_69.mat,0.145698591507387
new_3_70.mat,0.070013575368161
new_3_71.mat,0.294283920128725
new_3_72.mat,0.413681784532812
new_3_73.mat,0.152707070095444
new_3_74.mat,0.195329565160657
new_3_75.mat,0.124788692572307
new_3_76.mat,0.039155391619327
new_3_77.mat,0.402133346688601
new_3_78.mat,0.242994019901388
new_3_79.mat,0.143220622900238
new_3_80.mat,0.244648177140383
new_3_81.mat,0.697867100878151
new_3_82.mat,0.048762142124648
new_3_83.mat,0.299780956683849
new_3_84.mat,0.348601783332744
new_3_85.mat,0.224739130357673
new_3_86.mat,0.079956448008133
new_3_87.mat,0.033449450441967
new_3_88.mat,0.288377789980181
new_3_89.mat,0.019884632340937
new_3_90.mat,0.127988137593965
new_3_91.mat,0.238833008859848
new_3_92.mat,0.002906458913770
new_3_93.mat,0.186789309777354
new_3_94.mat,0.696229717711581
new_3_95.mat,0.190934431161960
new_3_96.mat,0.852980566277063
new_3_97.mat,0.161864062535476
new_3_98.mat,0.168461103106254
new_3_99.mat,0.004382022112487
new_3_100.mat,0.345887930158713
new_3_101.mat,0.102529613588528
new_3_102.mat,0.232395227261137
new_3_103.mat,0.231768175984660
new_3_104.mat,0.309239860093344
new_3_105.mat,0.154299185199942
new_3_106.mat,0.183988661890728
new_3_107.mat,0.181726080748304
new_3_108.mat,0.089233235628822
new_3_109.mat,0.192988264216010
new_3_110.mat,0.107825798835814
new_3_111.mat,0.108795398965986
new_3_112.mat,0.325234408589536
new_3_113.mat,0.163165621673444
new_3_114.mat,0.090831048560789
new_3_115.mat,0.206369017454326
new_3_116.mat,0.327487960897117
new_3_117.mat,0.125171602342665
new_3_118.mat,0.124575469978219
new_3_119.mat,0.022829992380602
new_3_120.mat,0.084663996652809
new_3_121.mat,0.169161796001342
new_3_122.mat,0.316025762462352
new_3_123.mat,0.510016255152135
new_3_124.mat,0.453132505935939
new_3_125.mat,0.109521791924945
new_3_126.mat,0.177436606503134
new_3_127.mat,0.403690220707920
new_3_128.mat,0.114317560924280
new_3_129.mat,0.024872601089792
new_3_130.mat,0.252420681262051
new_3_131.mat,0.240938442265155
new_3_132.mat,0.229187165820879
new_3_133.mat,0.320065939649794
new_3_134.mat,0.179903646488387
new_3_135.mat,0.301605651332223
new_3_136.mat,0.006211954494982
new_3_137.mat,0.196009999330782
new_3_138.mat,0.332786116371996
new_3_139.mat,0.262656122331694
new_3_140.mat,0.129213402251642
new_3_141.mat,0.004238813639494
new_3_142.mat,0.137046742367204
new_3_143.mat,0.005945307856074
new_3_144.mat,0.036681705658027
new_3_145.mat,0.425037034384638
new_3_146.mat,0.411201596729222
new_3_147.mat,0.251106295890240
new_3_148.mat,0.672518213941561
new_3_149.mat,0.151770868904603
new_3_150.mat,0.189530941525447
new_3_151.mat,0.334573677191275
new_3_152.mat,0.071461834258531
new_3_153.mat,0.505228166242415
new_3_154.mat,0.172509399749603
new_3_155.mat,0.729981877349289
new_3_156.mat,0.213356483141131
new_3_157.mat,0.261426481179869
new_3_158.mat,0.276207545990202
new_3_159.mat,0.163454731040584
new_3_160.mat,0.394910316279495
new_3_161.mat,0.258743040104119
new_3_162.mat,0.248004102252965
new_3_163.mat,0.010513080904418
new_3_164.mat,0.546711166402270
new_3_165.mat,0.628536655346375
new_3_166.mat,0.367594244028918
new_3_167.mat,0.236612305595011
new_3_168.mat,0.246170492337704
new_3_169.mat,0.208242589066318
new_3_170.mat,0.018161055754421
new_3_171.mat,0.243947384506870
new_3_172.mat,0.026693510335228
new_3_173.mat,0.267889544270884
new_3_174.mat,0.201273566843455
new_3_175.mat,0.229566211664781
new_3_176.mat,0.002642947999048
new_3_177.mat,0.298960011841285
new_3_178.mat,0.190067856036738
new_3_179.mat,0.275027297807763
new_3_180.mat,0.099873925186345
new_3_181.mat,0.244449958678581
new_3_182.mat,0.388326278869030
new_3_183.mat,0.142384688380390
new_3_184.mat,0.124047542578852
new_3_185.mat,0.157806932202951
new_3_186.mat,0.354293337547288
new_3_187.mat,0.071794840555077
new_3_188.mat,0.219129623409976
new_3_189.mat,0.883504050903968
new_3_190.mat,0.229801139601474
new_3_191.mat,0.744539261835296
new_3_192.mat,0.004666486376889
new_3_193.mat,0.088553077547751
new_3_194.mat,0.115341996038537
new_3_195.mat,0.286743231007529
new_3_196.mat,0.170329436056570
new_3_197.mat,0.205118900608475
new_3_198.mat,0.148898265341707
new_3_199.mat,0.268793244571492
new_3_200.mat,0.027691630918045
new_3_201.mat,0.199464903513870
new_3_202.mat,0.099036189025305
new_3_203.mat,0.011134667633701
new_3_204.mat,0.163888812062085
new_3_205.mat,0.002710702511194
new_3_206.mat,0.200071994716839
new_3_207.mat,0.537315605032514
new_3_208.mat,0.826975360758727
new_3_209.mat,0.864775731155449
new_3_210.mat,0.587882375059078
new_3_211.mat,0.166838979743292
new_3_212.mat,0.146528538480756
new_3_213.mat,0.084971687856163
new_3_214.mat,0.194300151138906
new_3_215.mat,0.231475682124572
new_3_216.mat,0.058454154107047
new_3_217.mat,0.016301264878057
new_3_218.mat,0.169273377053238
new_3_219.mat,0.268525842599712
new_3_220.mat,0.583079801923259
new_3_221.mat,0.109905401032971
new_3_222.mat,0.625770556140040
new_3_223.mat,0.891408982382605
new_3_224.mat,0.254270426571332
new_3_225.mat,0.259109106961800
new_3_226.mat,0.058728867033258
new_3_227.mat,0.058593860963450
new_3_228.mat,0.008558130739403
new_3_229.mat,0.148510815493167
new_3_230.mat,0.128316641916328
new_3_231.mat,0.079675111443045
new_3_232.mat,0.449608590892818
new_3_233.mat,0.030570442598183
new_3_234.mat,0.098439340065368
new_3_235.mat,0.311029884084999
new_3_236.mat,0.646102786624316
new_3_237.mat,0.187697890092292
new_3_238.mat,0.664968059916222
new_3_239.mat,0.247468895302385
new_3_240.mat,0.087980355734410
new_3_241.mat,0.135580497851646
new_3_242.mat,0.382608849551652
new_3_243.mat,0.761477018546540
new_3_244.mat,0.774122067715014
new_3_245.mat,0.005412884193800
new_3_246.mat,0.264475519007713
new_3_247.mat,0.298035611162533
new_3_248.mat,0.320508277651726
new_3_249.mat,0.403144841258881
new_3_250.mat,0.092454851366843
new_3_251.mat,0.813712237771769
new_3_252.mat,0.899902107262038
new_3_253.mat,0.124302985610682
new_3_254.mat,0.199236761194677
new_3_255.mat,0.572477819999038
new_3_256.mat,0.302311279607576
new_3_257.mat,0.168638046379365
new_3_258.mat,0.405756758768745
new_3_259.mat,0.326489242991356
new_3_260.mat,0.219205834108719
new_3_261.mat,0.414866931783676
new_3_262.mat,0.691673197516601
new_3_263.mat,0.256787114979167
new_3_264.mat,0.008780493229826
new_3_265.mat,0.207130094724081
new_3_266.mat,0.148099135426483
new_3_267.mat,0.070947207328479
new_3_268.mat,0.243682413788024
new_3_269.mat,0.287890558978169
new_3_270.mat,0.247731110599450
new_3_271.mat,0.120972396958430
new_3_272.mat,0.122926647023827
new_3_273.mat,0.138713271953540
new_3_274.mat,0.040499646849210
new_3_275.mat,0.159324415984183
new_3_276.mat,0.007207886495853
new_3_277.mat,0.669127077193494
new_3_278.mat,0.155865957466820
new_3_279.mat,0.333893934235760
new_3_280.mat,0.539195087045612
new_3_281.mat,0.006075929714248
new_3_282.mat,0.197983474813657
new_3_283.mat,0.270118176342929
new_3_284.mat,0.511625792513679
new_3_285.mat,0.248564645508705
new_3_286.mat,0.198071397765121
new_3_287.mat,0.395894600553049
new_3_288.mat,0.010731136662705
new_3_289.mat,0.278897535280010
new_3_290.mat,0.219570980281461
new_3_291.mat,0.081672636623623
new_3_292.mat,0.314589418882227
new_3_293.mat,0.219254343403563
new_3_294.mat,0.249285961275827
new_3_295.mat,0.003226085973342
new_3_296.mat,0.303772120898618
new_3_297.mat,0.355809773046059
new_3_298.mat,0.367691141989258
new_3_299.mat,0.208348492781749
new_3_300.mat,0.586963885455744
new_3_301.mat,0.425873508184451
new_3_302.mat,0.605982954491875
new_3_303.mat,0.086710927960392
new_3_304.mat,0.585702773581053
new_3_305.mat,0.242071776709220
new_3_306.mat,0.267930270278265
new_3_307.mat,0.452665536582963
new_3_308.mat,0.032131083839761
new_3_309.mat,0.257522154019345
new_3_310.mat,0.493374423859080
new_3_311.mat,0.391876177676755
new_3_312.mat,0.330995933305972
new_3_313.mat,0.188141976565160
new_3_314.mat,0.829636416727443
new_3_315.mat,0.166905781034120
new_3_316.mat,0.774483871412608
new_3_317.mat,0.267054994232535
new_3_318.mat,0.426920337090577
new_3_319.mat,0.049383901195516
new_3_320.mat,0.218492704098702
new_3_321.mat,0.168394548669775
new_3_322.mat,0.296426420663970
new_3_323.mat,0.005199159981731
new_3_324.mat,0.646898571648214
new_3_325.mat,0.066167555304823
new_3_326.mat,0.147867858247212
new_3_327.mat,0.188746019133044
new_3_328.mat,0.069927460353116
new_3_329.mat,0.156371025035122
new_3_330.mat,0.382734304943019
new_3_331.mat,0.119015797070721
new_3_332.mat,0.240358088355735
new_3_333.mat,0.197216548545459
new_3_334.mat,0.194176929535089
new_3_335.mat,0.310444208618645
new_3_336.mat,0.306401239252547
new_3_337.mat,0.377508427576662
new_3_338.mat,0.042308557216050
new_3_339.mat,0.198696348458831
new_3_340.mat,0.056117996688340
new_3_341.mat,0.190400670499859
new_3_342.mat,0.348218496258275
new_3_343.mat,0.218193121593834
new_3_344.mat,0.118725515931096
new_3_345.mat,0.130526964233719
new_3_346.mat,0.231773213412101
new_3_347.mat,0.104148415937801
new_3_348.mat,0.256241292877793
new_3_349.mat,0.430076731255254
new_3_350.mat,0.378322422494228
new_3_351.mat,0.071079827456417
new_3_352.mat,0.360811211417764
new_3_353.mat,0.218322728088777
new_3_354.mat,0.745940969021496
new_3_355.mat,0.306012222865056
new_3_356.mat,0.301062979081630
new_3_357.mat,0.024623484682619
new_3_358.mat,0.206216783204861
new_3_359.mat,0.451503736400634
new_3_360.mat,0.150215478815202
new_3_361.mat,0.143126308128895
new_3_362.mat,0.376781389196259
new_3_363.mat,0.624327129094999
new_3_364.mat,0.302229374831609
new_3_365.mat,0.600305936691559
new_3_366.mat,0.777302084509468
new_3_367.mat,0.626418785654063
new_3_368.mat,0.703810301964047
new_3_369.mat,0.004058639954481
new_3_370.mat,0.085722258152041
new_3_371.mat,0.466559446651479
new_3_372.mat,0.125283479555062
new_3_373.mat,0.006484214120084
new_3_374.mat,0.091845735050558
new_3_375.mat,0.375044038117587
new_3_376.mat,0.418033539142918
new_3_377.mat,0.203476270518731
new_3_378.mat,0.213537159220292
new_3_379.mat,0.194257247882965
new_3_380.mat,0.103510717866876
new_3_381.mat,0.261752032537079
new_3_382.mat,0.122701333740257
new_3_383.mat,0.439667229763259
new_3_384.mat,0.193546457167911
new_3_385.mat,0.394947084547045
new_3_386.mat,0.446170629747129
new_3_387.mat,0.181635910331953
new_3_388.mat,0.027889085755312
new_3_389.mat,0.245692780055822
new_3_390.mat,0.002786496504932
new_3_391.mat,0.777684813702956
new_3_392.mat,0.037357267888019
new_3_393.mat,0.098681197445612
new_3_394.mat,0.094451018076415
new_3_395.mat,0.242572230010520
new_3_396.mat,0.241433200173571
new_3_397.mat,0.049199973738744
new_3_398.mat,0.120858911585237
new_3_399.mat,0.003537014951754
new_3_400.mat,0.296005985186069
new_3_401.mat,0.256633254651279
new_3_402.mat,0.693507702679335
new_3_403.mat,0.737575967397676
new_3_404.mat,0.575155429908998
new_3_405.mat,0.286798919058116
new_3_406.mat,0.201456756563613
new_3_407.mat,0.004123422026416
new_3_408.mat,0.511778852125580
new_3_409.mat,0.150799092367154
new_3_410.mat,0.179978383827939
new_3_411.mat,0.064625945559270
new_3_412.mat,0.370829081597970
new_3_413.mat,0.344945870248264
new_3_414.mat,0.093179540618713
new_3_415.mat,0.415241832341957
new_3_416.mat,0.127298026330947
new_3_417.mat,0.289362723319842
new_3_418.mat,0.554450825134362
new_3_419.mat,0.220582606775790
new_3_420.mat,0.524528581233295
new_3_421.mat,0.447734637245004
new_3_422.mat,0.079909059856699
new_3_423.mat,0.229117889430012
new_3_424.mat,0.238219039215874
new_3_425.mat,0.560005528235053
new_3_426.mat,0.312874995559715
new_3_427.mat,0.303943163086578
new_3_428.mat,0.241750671331160
new_3_429.mat,0.144560150384288
new_3_430.mat,0.158793689069806
new_3_431.mat,0.084492016041985
new_3_432.mat,0.317176685103138
new_3_433.mat,0.103414417581848
new_3_434.mat,0.295916311720884
new_3_435.mat,0.295958743071235
new_3_436.mat,0.131416047152942
new_3_437.mat,0.459379751159167
new_3_438.mat,0.352078963337351
new_3_439.mat,0.280178939542860
new_3_440.mat,0.275889653626966
new_3_441.mat,0.005528411967716
new_3_442.mat,0.294933581847440
new_3_443.mat,0.478237563169926
new_3_444.mat,0.290449924495522
new_3_445.mat,0.394480847859006
new_3_446.mat,0.131664152709285
new_3_447.mat,0.385805453394911
new_3_448.mat,0.134276662641866
new_3_449.mat,0.580579017937680
new_3_450.mat,0.121851003077551
new_3_451.mat,0.317609227928537
new_3_452.mat,0.360305481702681
new_3_453.mat,0.423068134727750
new_3_454.mat,0.175293565078410
new_3_455.mat,0.005374132217264
new_3_456.mat,0.184931893706981
new_3_457.mat,0.112599699239513
new_3_458.mat,0.405165733211340
new_3_459.mat,0.843019608478916
new_3_460.mat,0.498963846965261
new_3_461.mat,0.189803766040595
new_3_462.mat,0.064582062405896
new_3_463.mat,0.109519669173507
new_3_464.mat,0.311340422014957
new_3_465.mat,0.140138268646954
new_3_466.mat,0.240039972678335
new_3_467.mat,0.172244829538755
new_3_468.mat,0.322491003582384
new_3_469.mat,0.188833757044506
new_3_470.mat,0.396198029429297
new_3_471.mat,0.337091668219508
new_3_472.mat,0.562847228181785
new_3_473.mat,0.432858690144525
new_3_474.mat,0.177997238626849
new_3_475.mat,0.293592674701369
new_3_476.mat,0.168523543901924
new_3_477.mat,0.440157514439218
new_3_478.mat,0.010410479963056
new_3_479.mat,0.171919276588016
new_3_480.mat,0.166319490991375
new_3_481.mat,0.580918693421442
new_3_482.mat,0.110929013254395
new_3_483.mat,0.207950230193084
new_3_484.mat,0.148168106464764
new_3_485.mat,0.080010960241873
new_3_486.mat,0.113849365925165
new_3_487.mat,0.911237706034552
new_3_488.mat,0.465227162169163
new_3_489.mat,0.844817476404267
new_3_490.mat,0.132083750191147
new_3_491.mat,0.274067038805103
new_3_492.mat,0.343509475762733
new_3_493.mat,0.258789922515690
new_3_494.mat,0.409034860744048
new_3_495.mat,0.396335733167987
new_3_496.mat,0.161445828820377
new_3_497.mat,0.167973798883447
new_3_498.mat,0.024560496631426
new_3_499.mat,0.258800875311863
new_3_500.mat,0.182446171709569
new_3_501.mat,0.483480651963549
new_3_502.mat,0.426519491828947
new_3_503.mat,0.170413934459747
new_3_504.mat,0.239642025597134
new_3_505.mat,0.350279181653948
new_3_506.mat,0.273689408338787
new_3_507.mat,0.162914418905991
new_3_508.mat,0.068051891731630
new_3_509.mat,0.269232160093054
new_3_510.mat,0.143931009381943
new_3_511.mat,0.029636760039044
new_3_512.mat,0.364671384162918
new_3_513.mat,0.237668042429395
new_3_514.mat,0.254077952971787
new_3_515.mat,0.755689592666756
new_3_516.mat,0.009617414082697
new_3_517.mat,0.116660947145899
new_3_518.mat,0.193788718619218
new_3_519.mat,0.397084624193080
new_3_520.mat,0.124379400074632
new_3_521.mat,0.196581233736193
new_3_522.mat,0.806311994904769
new_3_523.mat,0.154558362533439
new_3_524.mat,0.862448073240575
new_3_525.mat,0.169947035959050
new_3_526.mat,0.425508085432362
new_3_527.mat,0.554779136935700
new_3_528.mat,0.071631673615522
new_3_529.mat,0.189222845067833
new_3_530.mat,0.365469861459081
new_3_531.mat,0.394931692420965
new_3_532.mat,0.293942229580050
new_3_533.mat,0.102542000867894
new_3_534.mat,0.013721205470569
new_3_535.mat,0.118611863232828
new_3_536.mat,0.794604518787805
new_3_537.mat,0.547905297797484
new_3_538.mat,0.012119250539752
new_3_539.mat,0.919242552710964
new_3_540.mat,0.244860554970300
new_3_541.mat,0.333526109702837
new_3_542.mat,0.155044150514336
new_3_543.mat,0.141090971731220
new_3_544.mat,0.617111942600620
new_3_545.mat,0.097500649721969
new_3_546.mat,0.244955825000474
new_3_547.mat,0.244315535143017
new_3_548.mat,0.063365740849105
new_3_549.mat,0.245286132795915
new_3_550.mat,0.596579072643941
new_3_551.mat,0.243134238454534
new_3_552.mat,0.190183861974734
new_3_553.mat,0.285470728260644
new_3_554.mat,0.624722614470997
new_3_555.mat,0.008277636787698
new_3_556.mat,0.299415094534439
new_3_557.mat,0.142044324647160
new_3_558.mat,0.110733439517703
new_3_559.mat,0.314793171337365
new_3_560.mat,0.282280760647250
new_3_561.mat,0.134196645782010
new_3_562.mat,0.289971315799312
new_3_563.mat,0.192416524404873
new_3_564.mat,0.057678077537725
new_3_565.mat,0.200526442525238
new_3_566.mat,0.475956097058713
new_3_567.mat,0.140191068088926
new_3_568.mat,0.252346263309905
new_3_569.mat,0.234675948155437
new_3_570.mat,0.771147096280367
new_3_571.mat,0.104078598920948
new_3_572.mat,0.213385900871088
new_3_573.mat,0.173474292865194
new_3_574.mat,0.645550209411817
new_3_575.mat,0.324497870219379
new_3_576.mat,0.101773519596430
new_3_577.mat,0.363397640517966
new_3_578.mat,0.028093388513031
new_3_579.mat,0.140226702175416
new_3_580.mat,0.220479304007658
new_3_581.mat,0.147409007375620
new_3_582.mat,0.025370614781906
new_3_583.mat,0.007140600062712
new_3_584.mat,0.172805323823019
new_3_585.mat,0.037909476074107
new_3_586.mat,0.210206025552765
new_3_587.mat,0.202688324701022
new_3_588.mat,0.283876847921056
new_3_589.mat,0.328843534331005
new_3_590.mat,0.143551202221046
new_3_591.mat,0.641741640010421
new_3_592.mat,0.323460378217368
new_3_593.mat,0.236917466642843
new_3_594.mat,0.293492687265027
new_3_595.mat,0.352376107830004
new_3_596.mat,0.110399169558187
new_3_597.mat,0.087066249541986
new_3_598.mat,0.613346762647931
new_3_599.mat,0.191863899201509
new_3_600.mat,0.218698501915963
new_3_601.mat,0.110608662598183
new_3_602.mat,0.582129919831114
new_3_603.mat,0.290886742908361
new_3_604.mat,0.005931981579301
new_3_605.mat,0.310895551845402
new_3_606.mat,0.102333646504105
new_3_607.mat,0.003107874702164
new_3_608.mat,0.390541253867727
new_3_609.mat,0.728170607879763
new_3_610.mat,0.009991071197587
new_3_611.mat,0.011336747461626
new_3_612.mat,0.375804996948716
new_3_613.mat,0.377695372034817
new_3_614.mat,0.245417022816938
new_3_615.mat,0.101221735290826
new_3_616.mat,0.610695641464146
new_3_617.mat,0.106931907338283
new_3_618.mat,0.597451200191131
new_3_619.mat,0.082678312114244
new_3_620.mat,0.219929808351823
new_3_621.mat,0.157140104705721
new_3_622.mat,0.003638618653851
new_3_623.mat,0.387057710558811
new_3_624.mat,0.435779161991876
new_3_625.mat,0.107624697445390
new_3_626.mat,0.178756787319824
new_3_627.mat,0.447899101631466
new_3_628.mat,0.248593323229265
new_3_629.mat,0.190645635674377
new_3_630.mat,0.103383574039922
new_3_631.mat,0.656347534187287
new_3_632.mat,0.467456435435866
new_3_633.mat,0.240296631623857
new_3_634.mat,0.456833355505319
new_3_635.mat,0.187322528352760
new_3_636.mat,0.114761971645979
new_3_637.mat,0.319434492249996
new_3_638.mat,0.401399528749387
new_3_639.mat,0.141990107748339
new_3_640.mat,0.185074039190668
new_3_641.mat,0.345587110754427
new_3_642.mat,0.160746213912953
new_3_643.mat,0.248134650382606
new_3_644.mat,0.330248697482905
new_3_645.mat,0.192490136606049
new_3_646.mat,0.349450117802322
new_3_647.mat,0.005008365385720
new_3_648.mat,0.380495987257239
new_3_649.mat,0.832988815811197
new_3_650.mat,0.239046546647957
new_3_651.mat,0.207710628957636
new_3_652.mat,0.671895492683418
new_3_653.mat,0.133084858531074
new_3_654.mat,0.335184537556444
new_3_655.mat,0.100898794544036
new_3_656.mat,0.173861063310616
new_3_657.mat,0.441738558314499
new_3_658.mat,0.306022046655469
new_3_659.mat,0.041406278625306
new_3_660.mat,0.125695672269731
new_3_661.mat,0.197164551082664
new_3_662.mat,0.510960609201880
new_3_663.mat,0.179798685230051
new_3_664.mat,0.259638785023932
new_3_665.mat,0.167961917297481
new_3_666.mat,0.286572714863860
new_3_667.mat,0.364459851784256
new_3_668.mat,0.355532642227688
new_3_669.mat,0.179944792177002
new_3_670.mat,0.147037092039466
new_3_671.mat,0.263024786719392
new_3_672.mat,0.006919982169613
new_3_673.mat,0.310654866833187
new_3_674.mat,0.094354289056265
new_3_675.mat,0.903298899600133
new_3_676.mat,0.629244982079853
new_3_677.mat,0.385255860347297
new_3_678.mat,0.378778424831064
new_3_679.mat,0.488055154921931
new_3_680.mat,0.004571517986499
new_3_681.mat,0.003589137621999
new_3_682.mat,0.003274549081670
new_3_683.mat,0.296264803906698
new_3_684.mat,0.425143548504514
new_3_685.mat,0.494078794043330
new_3_686.mat,0.025824068822230
new_3_687.mat,0.086874034294344
new_3_688.mat,0.286896771421938
new_3_689.mat,0.097854732802994
new_3_690.mat,0.117512467342232
